kernel,max_gap,min_support_pos,min_support_neg,accuracy,precision,recall,f1,auc
poly,9.0,0.1,0.1,0.8111111111111111,0.7539503386004515,0.925207756232687,0.8308457711442786,0.8107932931581262
poly,10.0,0.1,0.1,0.8111111111111111,0.7539503386004515,0.925207756232687,0.8308457711442786,0.8107932931581262
poly,5.0,0.1,0.1,0.8083333333333333,0.7539863325740319,0.9168975069252078,0.8274999999999999,0.8080309261645537
poly,10.0,0.1,0.15,0.8083333333333333,0.7551487414187643,0.9141274238227147,0.8270676691729323,0.8080386422734744
poly,9.0,0.1,0.15,0.8083333333333333,0.7551487414187643,0.9141274238227147,0.8270676691729323,0.8080386422734744
poly,6.0,0.1,0.1,0.8069444444444445,0.7522727272727273,0.9168975069252078,0.8264669163545568,0.8066381685043865
poly,4.0,0.1,0.1,0.8069444444444445,0.7522727272727273,0.9168975069252078,0.8264669163545568,0.8066381685043865
poly,8.0,0.1,0.1,0.8069444444444445,0.7522727272727273,0.9168975069252078,0.8264669163545568,0.8066381685043865
poly,7.0,0.1,0.1,0.8069444444444445,0.7522727272727273,0.9168975069252078,0.8264669163545568,0.8066381685043865
poly,4.0,0.3,0.15,0.8069444444444445,0.7534246575342466,0.9141274238227147,0.8260325406758449,0.8066458846133072
poly,9.0,0.1,0.2,0.8069444444444445,0.7545871559633027,0.9113573407202216,0.8255959849435384,0.8066536007222278
poly,10.0,0.1,0.2,0.8069444444444445,0.7545871559633027,0.9113573407202216,0.8255959849435384,0.8066536007222278
poly,10.0,0.1,0.3,0.8069444444444445,0.7545871559633027,0.9113573407202216,0.8255959849435384,0.8066536007222278
poly,9.0,0.1,0.25,0.8069444444444445,0.7545871559633027,0.9113573407202216,0.8255959849435384,0.8066536007222278
poly,9.0,0.1,0.3,0.8069444444444445,0.7545871559633027,0.9113573407202216,0.8255959849435384,0.8066536007222278
poly,10.0,0.1,0.25,0.8069444444444445,0.7545871559633027,0.9113573407202216,0.8255959849435384,0.8066536007222278
poly,5.0,0.3,0.15,0.8055555555555556,0.7517084282460137,0.9141274238227147,0.8250000000000001,0.80525312695314
poly,4.0,0.3,0.3,0.8055555555555556,0.7528604118993135,0.9113573407202216,0.824561403508772,0.8052608430620607
poly,4.0,0.3,0.25,0.8055555555555556,0.7528604118993135,0.9113573407202216,0.824561403508772,0.8052608430620607
poly,9.0,0.3,0.1,0.8027777777777778,0.7449664429530202,0.9224376731301939,0.8242574257425742,0.8024444633060439
poly,10.0,0.3,0.1,0.8027777777777778,0.7449664429530202,0.9224376731301939,0.8242574257425742,0.8024444633060439
poly,5.0,0.3,0.1,0.8041666666666667,0.75,0.9141274238227147,0.8239700374531834,0.803860369292973
poly,4.0,0.3,0.1,0.8041666666666667,0.75,0.9141274238227147,0.8239700374531834,0.803860369292973
poly,9.0,0.3,0.3,0.8013888888888889,0.7433035714285714,0.9224376731301939,0.8232385661310259,0.8010517056458768
poly,9.0,0.3,0.25,0.8013888888888889,0.7433035714285714,0.9224376731301939,0.8232385661310259,0.8010517056458768
poly,10.0,0.3,0.3,0.8013888888888889,0.7433035714285714,0.9224376731301939,0.8232385661310259,0.8010517056458768
poly,10.0,0.3,0.25,0.8013888888888889,0.7433035714285714,0.9224376731301939,0.8232385661310259,0.8010517056458768
poly,4.0,0.2,0.3,0.8055555555555556,0.7563805104408353,0.9030470914127424,0.8232323232323234,0.8052839913888225
poly,4.0,0.2,0.25,0.8055555555555556,0.7563805104408353,0.9030470914127424,0.8232323232323234,0.8052839913888225
poly,4.0,0.3,0.2,0.8041666666666667,0.7522935779816514,0.9085872576177285,0.823086574654956,0.8038758015108141
poly,5.0,0.3,0.25,0.8041666666666667,0.7522935779816514,0.9085872576177285,0.823086574654956,0.8038758015108141
poly,5.0,0.3,0.3,0.8041666666666667,0.7522935779816514,0.9085872576177285,0.823086574654956,0.8038758015108141
poly,5.0,0.1,0.3,0.8041666666666667,0.7546296296296297,0.9030470914127424,0.8221941992433797,0.8038912337286553
poly,5.0,0.2,0.3,0.8041666666666667,0.7546296296296297,0.9030470914127424,0.8221941992433797,0.8038912337286553
poly,6.0,0.1,0.3,0.8041666666666667,0.7546296296296297,0.9030470914127424,0.8221941992433797,0.8038912337286553
poly,7.0,0.1,0.3,0.8041666666666667,0.7546296296296297,0.9030470914127424,0.8221941992433797,0.8038912337286553
poly,4.0,0.1,0.15,0.8041666666666667,0.7546296296296297,0.9030470914127424,0.8221941992433797,0.8038912337286553
poly,8.0,0.1,0.3,0.8041666666666667,0.7546296296296297,0.9030470914127424,0.8221941992433797,0.8038912337286553
poly,4.0,0.2,0.15,0.8041666666666667,0.7546296296296297,0.9030470914127424,0.8221941992433797,0.8038912337286553
poly,4.0,0.1,0.3,0.8041666666666667,0.7546296296296297,0.9030470914127424,0.8221941992433797,0.8038912337286553
poly,5.0,0.1,0.15,0.8041666666666667,0.7546296296296297,0.9030470914127424,0.8221941992433797,0.8038912337286553
poly,5.0,0.2,0.25,0.8041666666666667,0.7546296296296297,0.9030470914127424,0.8221941992433797,0.8038912337286553
poly,4.0,0.1,0.2,0.8041666666666667,0.7546296296296297,0.9030470914127424,0.8221941992433797,0.8038912337286553
poly,6.0,0.1,0.2,0.8041666666666667,0.7546296296296297,0.9030470914127424,0.8221941992433797,0.8038912337286553
poly,7.0,0.1,0.2,0.8041666666666667,0.7546296296296297,0.9030470914127424,0.8221941992433797,0.8038912337286553
poly,8.0,0.1,0.15,0.8041666666666667,0.7546296296296297,0.9030470914127424,0.8221941992433797,0.8038912337286553
poly,8.0,0.1,0.2,0.8041666666666667,0.7546296296296297,0.9030470914127424,0.8221941992433797,0.8038912337286553
poly,5.0,0.1,0.2,0.8041666666666667,0.7546296296296297,0.9030470914127424,0.8221941992433797,0.8038912337286553
poly,5.0,0.1,0.25,0.8041666666666667,0.7546296296296297,0.9030470914127424,0.8221941992433797,0.8038912337286553
poly,4.0,0.1,0.25,0.8041666666666667,0.7546296296296297,0.9030470914127424,0.8221941992433797,0.8038912337286553
poly,6.0,0.1,0.25,0.8041666666666667,0.7546296296296297,0.9030470914127424,0.8221941992433797,0.8038912337286553
poly,7.0,0.1,0.15,0.8041666666666667,0.7546296296296297,0.9030470914127424,0.8221941992433797,0.8038912337286553
poly,7.0,0.1,0.25,0.8041666666666667,0.7546296296296297,0.9030470914127424,0.8221941992433797,0.8038912337286553
poly,8.0,0.1,0.25,0.8041666666666667,0.7546296296296297,0.9030470914127424,0.8221941992433797,0.8038912337286553
poly,6.0,0.1,0.15,0.8041666666666667,0.7546296296296297,0.9030470914127424,0.8221941992433797,0.8038912337286553
poly,5.0,0.2,0.15,0.8041666666666667,0.7546296296296297,0.9030470914127424,0.8221941992433797,0.8038912337286553
poly,5.0,0.3,0.2,0.8027777777777778,0.7517241379310344,0.9058171745152355,0.821608040201005,0.8024907599595676
poly,5.0,0.15,0.1,0.8013888888888889,0.7488584474885844,0.9085872576177285,0.8210262828535669,0.8010902861904798
poly,4.0,0.2,0.1,0.8013888888888889,0.7488584474885844,0.9085872576177285,0.8210262828535669,0.8010902861904798
poly,7.0,0.3,0.1,0.8,0.744920993227991,0.9141274238227147,0.8208955223880597,0.7996820963124716
poly,8.0,0.3,0.1,0.8,0.744920993227991,0.9141274238227147,0.8208955223880597,0.7996820963124716
poly,6.0,0.3,0.1,0.8,0.744920993227991,0.9141274238227147,0.8208955223880597,0.7996820963124716
poly,5.0,0.15,0.15,0.8027777777777778,0.7540603248259861,0.9002770083102493,0.8207070707070706,0.8025061921774088
poly,5.0,0.2,0.2,0.8027777777777778,0.7540603248259861,0.9002770083102493,0.8207070707070706,0.8025061921774088
poly,4.0,0.25,0.1,0.8013888888888889,0.75,0.9058171745152355,0.820577164366374,0.8010980022994003
poly,5.0,0.25,0.1,0.8013888888888889,0.75,0.9058171745152355,0.820577164366374,0.8010980022994003
poly,4.0,0.2,0.2,0.8027777777777778,0.7552447552447552,0.8975069252077562,0.820253164556962,0.8025139082863293
poly,6.0,0.15,0.1,0.8,0.7471526195899773,0.9085872576177285,0.8200000000000002,0.7996975285303127
poly,7.0,0.15,0.1,0.8,0.7471526195899773,0.9085872576177285,0.8200000000000002,0.7996975285303127
poly,8.0,0.15,0.1,0.8,0.7471526195899773,0.9085872576177285,0.8200000000000002,0.7996975285303127
poly,4.0,0.15,0.1,0.8,0.7482837528604119,0.9058171745152355,0.819548872180451,0.7997052446392332
poly,7.0,0.3,0.15,0.7986111111111112,0.744343891402715,0.9113573407202216,0.8194271481942715,0.7982970547612249
poly,8.0,0.3,0.15,0.7986111111111112,0.744343891402715,0.9113573407202216,0.8194271481942715,0.7982970547612249
poly,6.0,0.3,0.15,0.7986111111111112,0.744343891402715,0.9113573407202216,0.8194271481942715,0.7982970547612249
poly,4.0,0.15,0.15,0.8013888888888889,0.7534883720930232,0.8975069252077562,0.8192161820480404,0.8011211506261622
poly,8.0,0.2,0.15,0.8,0.7494252873563219,0.9030470914127424,0.8190954773869347,0.7997129607481539
poly,7.0,0.2,0.15,0.8,0.7494252873563219,0.9030470914127424,0.8190954773869347,0.7997129607481539
poly,6.0,0.2,0.25,0.8,0.7494252873563219,0.9030470914127424,0.8190954773869347,0.7997129607481539
poly,6.0,0.2,0.3,0.8,0.7494252873563219,0.9030470914127424,0.8190954773869347,0.7997129607481539
poly,7.0,0.2,0.3,0.8,0.7494252873563219,0.9030470914127424,0.8190954773869347,0.7997129607481539
poly,7.0,0.2,0.25,0.8,0.7494252873563219,0.9030470914127424,0.8190954773869347,0.7997129607481539
poly,8.0,0.2,0.3,0.8,0.7494252873563219,0.9030470914127424,0.8190954773869347,0.7997129607481539
poly,6.0,0.2,0.15,0.8,0.7494252873563219,0.9030470914127424,0.8190954773869347,0.7997129607481539
poly,8.0,0.2,0.25,0.8,0.7494252873563219,0.9030470914127424,0.8190954773869347,0.7997129607481539
poly,8.0,0.3,0.3,0.7986111111111112,0.7454545454545455,0.9085872576177285,0.818976279650437,0.7983047708701456
poly,6.0,0.3,0.25,0.7986111111111112,0.7454545454545455,0.9085872576177285,0.818976279650437,0.7983047708701456
poly,6.0,0.3,0.3,0.7986111111111112,0.7454545454545455,0.9085872576177285,0.818976279650437,0.7983047708701456
poly,8.0,0.3,0.25,0.7986111111111112,0.7454545454545455,0.9085872576177285,0.818976279650437,0.7983047708701456
poly,7.0,0.3,0.25,0.7986111111111112,0.7454545454545455,0.9085872576177285,0.818976279650437,0.7983047708701456
poly,7.0,0.3,0.3,0.7986111111111112,0.7454545454545455,0.9085872576177285,0.818976279650437,0.7983047708701456
poly,9.0,0.3,0.2,0.7972222222222223,0.7415730337078652,0.9141274238227147,0.8188585607940446,0.7968965809921373
poly,10.0,0.3,0.2,0.7972222222222223,0.7415730337078652,0.9141274238227147,0.8188585607940446,0.7968965809921373
poly,4.0,0.15,0.3,0.8013888888888889,0.7546728971962616,0.8947368421052632,0.8187579214195184,0.8011288667350829
poly,4.0,0.15,0.2,0.8013888888888889,0.7546728971962616,0.8947368421052632,0.8187579214195184,0.8011288667350829
poly,4.0,0.15,0.25,0.8013888888888889,0.7546728971962616,0.8947368421052632,0.8187579214195184,0.8011288667350829
poly,4.0,0.25,0.25,0.8,0.7505773672055427,0.9002770083102493,0.8186397984886649,0.7997206768570746
poly,4.0,0.25,0.3,0.8,0.7505773672055427,0.9002770083102493,0.8186397984886649,0.7997206768570746
poly,9.0,0.3,0.15,0.7972222222222223,0.7426636568848759,0.9113573407202216,0.818407960199005,0.7969042971010578
poly,10.0,0.3,0.15,0.7972222222222223,0.7426636568848759,0.9113573407202216,0.818407960199005,0.7969042971010578
poly,5.0,0.2,0.1,0.7986111111111112,0.7477064220183486,0.9030470914127424,0.8180677540777918,0.7983202030879868
poly,5.0,0.15,0.25,0.8,0.752913752913753,0.8947368421052632,0.8177215189873418,0.7997361090749158
poly,5.0,0.15,0.3,0.8,0.752913752913753,0.8947368421052632,0.8177215189873418,0.7997361090749158
poly,5.0,0.15,0.2,0.8,0.752913752913753,0.8947368421052632,0.8177215189873418,0.7997361090749158
poly,5.0,0.25,0.25,0.7986111111111112,0.7488479262672811,0.9002770083102493,0.8176100628930818,0.7983279191969074
poly,6.0,0.2,0.2,0.7986111111111112,0.7488479262672811,0.9002770083102493,0.8176100628930818,0.7983279191969074
poly,8.0,0.15,0.15,0.7986111111111112,0.7488479262672811,0.9002770083102493,0.8176100628930818,0.7983279191969074
poly,7.0,0.15,0.15,0.7986111111111112,0.7488479262672811,0.9002770083102493,0.8176100628930818,0.7983279191969074
poly,6.0,0.15,0.15,0.7986111111111112,0.7488479262672811,0.9002770083102493,0.8176100628930818,0.7983279191969074
poly,7.0,0.2,0.2,0.7986111111111112,0.7488479262672811,0.9002770083102493,0.8176100628930818,0.7983279191969074
poly,5.0,0.25,0.3,0.7986111111111112,0.7488479262672811,0.9002770083102493,0.8176100628930818,0.7983279191969074
poly,8.0,0.2,0.2,0.7986111111111112,0.7488479262672811,0.9002770083102493,0.8176100628930818,0.7983279191969074
poly,8.0,0.3,0.2,0.7972222222222223,0.744874715261959,0.9058171745152355,0.8175,0.7969197293188992
poly,6.0,0.3,0.2,0.7972222222222223,0.744874715261959,0.9058171745152355,0.8175,0.7969197293188992
poly,7.0,0.3,0.2,0.7972222222222223,0.744874715261959,0.9058171745152355,0.8175,0.7969197293188992
poly,5.0,0.25,0.15,0.7986111111111112,0.75,0.8975069252077562,0.8171500630517025,0.798335635305828
poly,8.0,0.2,0.1,0.7972222222222223,0.7459954233409611,0.9030470914127424,0.8170426065162908,0.7969274454278197
poly,7.0,0.2,0.1,0.7972222222222223,0.7459954233409611,0.9030470914127424,0.8170426065162908,0.7969274454278197
poly,6.0,0.2,0.1,0.7972222222222223,0.7459954233409611,0.9030470914127424,0.8170426065162908,0.7969274454278197
poly,4.0,0.25,0.15,0.7986111111111112,0.7511627906976744,0.8947368421052632,0.8166877370417194,0.7983433514147487
poly,7.0,0.25,0.1,0.7958333333333333,0.7431818181818182,0.9058171745152355,0.8164794007490636,0.7955269716587319
poly,6.0,0.25,0.1,0.7958333333333333,0.7431818181818182,0.9058171745152355,0.8164794007490636,0.7955269716587319
poly,8.0,0.25,0.1,0.7958333333333333,0.7431818181818182,0.9058171745152355,0.8164794007490636,0.7955269716587319
poly,10.0,0.2,0.3,0.7958333333333333,0.7465437788018433,0.8975069252077562,0.8150943396226416,0.7955501199854936
poly,9.0,0.2,0.3,0.7958333333333333,0.7465437788018433,0.8975069252077562,0.8150943396226416,0.7955501199854936
poly,9.0,0.2,0.25,0.7958333333333333,0.7465437788018433,0.8975069252077562,0.8150943396226416,0.7955501199854936
poly,10.0,0.2,0.25,0.7958333333333333,0.7465437788018433,0.8975069252077562,0.8150943396226416,0.7955501199854936
poly,8.0,0.15,0.25,0.7958333333333333,0.7476851851851852,0.8947368421052632,0.8146279949558638,0.7955578360944142
poly,8.0,0.15,0.3,0.7958333333333333,0.7476851851851852,0.8947368421052632,0.8146279949558638,0.7955578360944142
poly,6.0,0.15,0.25,0.7958333333333333,0.7476851851851852,0.8947368421052632,0.8146279949558638,0.7955578360944142
poly,7.0,0.15,0.3,0.7958333333333333,0.7476851851851852,0.8947368421052632,0.8146279949558638,0.7955578360944142
poly,5.0,0.25,0.2,0.7958333333333333,0.7476851851851852,0.8947368421052632,0.8146279949558638,0.7955578360944142
poly,6.0,0.15,0.2,0.7958333333333333,0.7476851851851852,0.8947368421052632,0.8146279949558638,0.7955578360944142
poly,7.0,0.15,0.25,0.7958333333333333,0.7476851851851852,0.8947368421052632,0.8146279949558638,0.7955578360944142
poly,8.0,0.15,0.2,0.7958333333333333,0.7476851851851852,0.8947368421052632,0.8146279949558638,0.7955578360944142
poly,6.0,0.15,0.3,0.7958333333333333,0.7476851851851852,0.8947368421052632,0.8146279949558638,0.7955578360944142
poly,7.0,0.15,0.2,0.7958333333333333,0.7476851851851852,0.8947368421052632,0.8146279949558638,0.7955578360944142
poly,4.0,0.25,0.2,0.7958333333333333,0.7488372093023256,0.8919667590027701,0.8141592920353982,0.7955655522033349
poly,7.0,0.25,0.15,0.7944444444444444,0.7448275862068966,0.8975069252077562,0.814070351758794,0.7941573623253265
poly,6.0,0.25,0.15,0.7944444444444444,0.7448275862068966,0.8975069252077562,0.814070351758794,0.7941573623253265
poly,8.0,0.25,0.15,0.7944444444444444,0.7448275862068966,0.8975069252077562,0.814070351758794,0.7941573623253265
poly,9.0,0.15,0.15,0.7944444444444444,0.745958429561201,0.8947368421052632,0.8136020151133502,0.7941650784342472
poly,10.0,0.15,0.15,0.7944444444444444,0.745958429561201,0.8947368421052632,0.8136020151133502,0.7941650784342472
poly,7.0,0.25,0.25,0.7930555555555555,0.7420091324200914,0.9002770083102493,0.8135168961201502,0.7927568885562388
poly,8.0,0.25,0.25,0.7930555555555555,0.7420091324200914,0.9002770083102493,0.8135168961201502,0.7927568885562388
poly,8.0,0.25,0.3,0.7930555555555555,0.7420091324200914,0.9002770083102493,0.8135168961201502,0.7927568885562388
poly,6.0,0.25,0.3,0.7930555555555555,0.7420091324200914,0.9002770083102493,0.8135168961201502,0.7927568885562388
poly,6.0,0.25,0.25,0.7930555555555555,0.7420091324200914,0.9002770083102493,0.8135168961201502,0.7927568885562388
poly,7.0,0.25,0.3,0.7930555555555555,0.7420091324200914,0.9002770083102493,0.8135168961201502,0.7927568885562388
poly,10.0,0.15,0.1,0.7916666666666666,0.7425287356321839,0.8947368421052632,0.8115577889447237,0.791379563113913
poly,9.0,0.15,0.1,0.7916666666666666,0.7425287356321839,0.8947368421052632,0.8115577889447237,0.791379563113913
poly,10.0,0.15,0.3,0.7916666666666666,0.7447795823665894,0.889196675900277,0.8106060606060607,0.7913949953317541
poly,10.0,0.15,0.25,0.7916666666666666,0.7447795823665894,0.889196675900277,0.8106060606060607,0.7913949953317541
poly,9.0,0.15,0.25,0.7916666666666666,0.7447795823665894,0.889196675900277,0.8106060606060607,0.7913949953317541
poly,9.0,0.15,0.3,0.7916666666666666,0.7447795823665894,0.889196675900277,0.8106060606060607,0.7913949953317541
poly,10.0,0.15,0.2,0.7916666666666666,0.7447795823665894,0.889196675900277,0.8106060606060607,0.7913949953317541
poly,9.0,0.2,0.2,0.7916666666666666,0.7447795823665894,0.889196675900277,0.8106060606060607,0.7913949953317541
poly,10.0,0.2,0.15,0.7916666666666666,0.7447795823665894,0.889196675900277,0.8106060606060607,0.7913949953317541
poly,9.0,0.2,0.15,0.7916666666666666,0.7447795823665894,0.889196675900277,0.8106060606060607,0.7913949953317541
poly,9.0,0.15,0.2,0.7916666666666666,0.7447795823665894,0.889196675900277,0.8106060606060607,0.7913949953317541
poly,10.0,0.2,0.2,0.7916666666666666,0.7447795823665894,0.889196675900277,0.8106060606060607,0.7913949953317541
poly,8.0,0.25,0.2,0.7902777777777777,0.7408256880733946,0.8947368421052632,0.8105395232120453,0.7899868054537458
poly,7.0,0.25,0.2,0.7902777777777777,0.7408256880733946,0.8947368421052632,0.8105395232120453,0.7899868054537458
poly,10.0,0.25,0.15,0.7902777777777777,0.7408256880733946,0.8947368421052632,0.8105395232120453,0.7899868054537458
poly,6.0,0.25,0.2,0.7902777777777777,0.7408256880733946,0.8947368421052632,0.8105395232120453,0.7899868054537458
poly,9.0,0.25,0.15,0.7902777777777777,0.7408256880733946,0.8947368421052632,0.8105395232120453,0.7899868054537458
poly,9.0,0.2,0.1,0.7902777777777777,0.7419354838709677,0.8919667590027701,0.8100628930817609,0.7899945215626665
poly,10.0,0.2,0.1,0.7902777777777777,0.7419354838709677,0.8919667590027701,0.8100628930817609,0.7899945215626665
poly,9.0,0.25,0.1,0.7888888888888889,0.7380410022779044,0.8975069252077562,0.81,0.788586331684658
poly,10.0,0.25,0.1,0.7888888888888889,0.7380410022779044,0.8975069252077562,0.81,0.788586331684658
poly,9.0,0.25,0.3,0.7875,0.7363636363636363,0.8975069252077562,0.8089887640449439,0.7871935740244909
poly,10.0,0.25,0.25,0.7875,0.7363636363636363,0.8975069252077562,0.8089887640449439,0.7871935740244909
poly,10.0,0.25,0.3,0.7875,0.7363636363636363,0.8975069252077562,0.8089887640449439,0.7871935740244909
poly,9.0,0.25,0.25,0.7875,0.7363636363636363,0.8975069252077562,0.8089887640449439,0.7871935740244909
poly,10.0,0.25,0.2,0.7861111111111111,0.7357630979498861,0.8947368421052632,0.8075,0.7858085324732444
poly,9.0,0.25,0.2,0.7861111111111111,0.7357630979498861,0.8947368421052632,0.8075,0.7858085324732444
linear,4.0,0.1,0.3,0.7916666666666666,0.7566909975669099,0.8614958448753463,0.805699481865285,0.79147215642096
linear,4.0,0.1,0.2,0.7916666666666666,0.7566909975669099,0.8614958448753463,0.805699481865285,0.79147215642096
linear,4.0,0.1,0.25,0.7916666666666666,0.7566909975669099,0.8614958448753463,0.805699481865285,0.79147215642096
linear,5.0,0.1,0.2,0.7916666666666666,0.7566909975669099,0.8614958448753463,0.805699481865285,0.79147215642096
linear,5.0,0.1,0.25,0.7916666666666666,0.7566909975669099,0.8614958448753463,0.805699481865285,0.79147215642096
linear,5.0,0.1,0.3,0.7916666666666666,0.7566909975669099,0.8614958448753463,0.805699481865285,0.79147215642096
rbf,4.0,0.1,0.1,0.7916666666666666,0.7592137592137592,0.8559556786703602,0.8046875,0.7914875886388012
linear,4.0,0.25,0.1,0.7888888888888889,0.7632241813602015,0.8393351800554016,0.7994722955145119,0.7887483699719905
linear,4.0,0.3,0.1,0.7888888888888889,0.7632241813602015,0.8393351800554016,0.7994722955145119,0.7887483699719905
linear,4.0,0.2,0.25,0.7861111111111111,0.7581047381546134,0.8421052631578947,0.7979002624671917,0.7859551385427357
linear,4.0,0.2,0.3,0.7861111111111111,0.7581047381546134,0.8421052631578947,0.7979002624671917,0.7859551385427357
linear,4.0,0.3,0.25,0.7833333333333333,0.7518427518427518,0.8476454293628809,0.796875,0.7831541910045603
linear,4.0,0.3,0.3,0.7833333333333333,0.7518427518427518,0.8476454293628809,0.796875,0.7831541910045603
rbf,10.0,0.1,0.1,0.7833333333333333,0.7530864197530864,0.8448753462603878,0.7963446475195823,0.7831619071134809
linear,5.0,0.3,0.3,0.7833333333333333,0.7530864197530864,0.8448753462603878,0.7963446475195823,0.7831619071134809
rbf,9.0,0.1,0.1,0.7833333333333333,0.7530864197530864,0.8448753462603878,0.7963446475195823,0.7831619071134809
linear,5.0,0.3,0.25,0.7833333333333333,0.7530864197530864,0.8448753462603878,0.7963446475195823,0.7831619071134809
linear,7.0,0.1,0.25,0.7819444444444444,0.75,0.8476454293628809,0.7958387516254878,0.7817614333443931
linear,6.0,0.1,0.2,0.7819444444444444,0.75,0.8476454293628809,0.7958387516254878,0.7817614333443931
linear,7.0,0.1,0.3,0.7819444444444444,0.75,0.8476454293628809,0.7958387516254878,0.7817614333443931
linear,6.0,0.1,0.25,0.7819444444444444,0.75,0.8476454293628809,0.7958387516254878,0.7817614333443931
linear,6.0,0.1,0.3,0.7819444444444444,0.75,0.8476454293628809,0.7958387516254878,0.7817614333443931
linear,8.0,0.1,0.3,0.7819444444444444,0.75,0.8476454293628809,0.7958387516254878,0.7817614333443931
linear,7.0,0.1,0.2,0.7819444444444444,0.75,0.8476454293628809,0.7958387516254878,0.7817614333443931
linear,8.0,0.1,0.2,0.7819444444444444,0.75,0.8476454293628809,0.7958387516254878,0.7817614333443931
linear,8.0,0.1,0.25,0.7819444444444444,0.75,0.8476454293628809,0.7958387516254878,0.7817614333443931
rbf,5.0,0.1,0.1,0.7833333333333333,0.7556109725685786,0.8393351800554016,0.7952755905511811,0.783177339331322
linear,5.0,0.1,0.15,0.7819444444444444,0.7524752475247525,0.8421052631578947,0.7947712418300654,0.7817768655622342
linear,6.0,0.3,0.25,0.7819444444444444,0.7524752475247525,0.8421052631578947,0.7947712418300654,0.7817768655622342
linear,6.0,0.3,0.3,0.7819444444444444,0.7524752475247525,0.8421052631578947,0.7947712418300654,0.7817768655622342
linear,7.0,0.3,0.25,0.7819444444444444,0.7524752475247525,0.8421052631578947,0.7947712418300654,0.7817768655622342
linear,5.0,0.25,0.3,0.7819444444444444,0.7524752475247525,0.8421052631578947,0.7947712418300654,0.7817768655622342
linear,7.0,0.3,0.3,0.7819444444444444,0.7524752475247525,0.8421052631578947,0.7947712418300654,0.7817768655622342
linear,4.0,0.1,0.15,0.7819444444444444,0.7524752475247525,0.8421052631578947,0.7947712418300654,0.7817768655622342
linear,8.0,0.3,0.3,0.7819444444444444,0.7524752475247525,0.8421052631578947,0.7947712418300654,0.7817768655622342
linear,8.0,0.3,0.25,0.7819444444444444,0.7524752475247525,0.8421052631578947,0.7947712418300654,0.7817768655622342
linear,5.0,0.25,0.25,0.7819444444444444,0.7524752475247525,0.8421052631578947,0.7947712418300654,0.7817768655622342
linear,4.0,0.3,0.15,0.7833333333333333,0.759493670886076,0.8310249307479224,0.7936507936507936,0.7832004876580838
linear,10.0,0.1,0.25,0.7791666666666667,0.75,0.8393351800554016,0.792156862745098,0.7789990663508206
linear,9.0,0.1,0.25,0.7791666666666667,0.75,0.8393351800554016,0.792156862745098,0.7789990663508206
rbf,7.0,0.1,0.1,0.7791666666666667,0.75,0.8393351800554016,0.792156862745098,0.7789990663508206
rbf,8.0,0.1,0.1,0.7791666666666667,0.75,0.8393351800554016,0.792156862745098,0.7789990663508206
linear,9.0,0.1,0.3,0.7791666666666667,0.75,0.8393351800554016,0.792156862745098,0.7789990663508206
linear,4.0,0.25,0.25,0.7791666666666667,0.75,0.8393351800554016,0.792156862745098,0.7789990663508206
linear,10.0,0.1,0.3,0.7791666666666667,0.75,0.8393351800554016,0.792156862745098,0.7789990663508206
linear,4.0,0.25,0.3,0.7791666666666667,0.75,0.8393351800554016,0.792156862745098,0.7789990663508206
rbf,6.0,0.1,0.1,0.7791666666666667,0.75,0.8393351800554016,0.792156862745098,0.7789990663508206
linear,10.0,0.1,0.2,0.7791666666666667,0.75,0.8393351800554016,0.792156862745098,0.7789990663508206
linear,9.0,0.1,0.2,0.7791666666666667,0.75,0.8393351800554016,0.792156862745098,0.7789990663508206
linear,5.0,0.3,0.1,0.7791666666666667,0.7512437810945274,0.8365650969529086,0.7916120576671036,0.7790067824597412
linear,4.0,0.25,0.15,0.7805555555555556,0.7556675062972292,0.8310249307479224,0.7915567282321899,0.7804149723377496
linear,4.0,0.3,0.2,0.7777777777777778,0.7481481481481481,0.8393351800554016,0.7911227154046996,0.7776063086906535
linear,7.0,0.1,0.15,0.7777777777777778,0.749379652605459,0.8365650969529086,0.7905759162303665,0.7776140247995741
linear,5.0,0.3,0.2,0.7777777777777778,0.749379652605459,0.8365650969529086,0.7905759162303665,0.7776140247995741
linear,8.0,0.1,0.15,0.7777777777777778,0.749379652605459,0.8365650969529086,0.7905759162303665,0.7776140247995741
linear,6.0,0.1,0.15,0.7777777777777778,0.749379652605459,0.8365650969529086,0.7905759162303665,0.7776140247995741
linear,4.0,0.15,0.2,0.7777777777777778,0.7506234413965087,0.8337950138504155,0.7900262467191601,0.7776217409084947
rbf,4.0,0.1,0.3,0.7777777777777778,0.7506234413965087,0.8337950138504155,0.7900262467191601,0.7776217409084947
linear,6.0,0.3,0.2,0.7777777777777778,0.7506234413965087,0.8337950138504155,0.7900262467191601,0.7776217409084947
rbf,4.0,0.1,0.25,0.7777777777777778,0.7506234413965087,0.8337950138504155,0.7900262467191601,0.7776217409084947
linear,4.0,0.15,0.25,0.7777777777777778,0.7506234413965087,0.8337950138504155,0.7900262467191601,0.7776217409084947
rbf,4.0,0.1,0.2,0.7777777777777778,0.7506234413965087,0.8337950138504155,0.7900262467191601,0.7776217409084947
linear,8.0,0.3,0.2,0.7777777777777778,0.7506234413965087,0.8337950138504155,0.7900262467191601,0.7776217409084947
linear,7.0,0.3,0.2,0.7777777777777778,0.7506234413965087,0.8337950138504155,0.7900262467191601,0.7776217409084947
linear,4.0,0.15,0.3,0.7777777777777778,0.7506234413965087,0.8337950138504155,0.7900262467191601,0.7776217409084947
rbf,5.0,0.1,0.3,0.7763888888888889,0.75,0.8310249307479224,0.788436268068331,0.776236699357248
linear,6.0,0.3,0.1,0.7763888888888889,0.75,0.8310249307479224,0.788436268068331,0.776236699357248
linear,5.0,0.15,0.2,0.7763888888888889,0.75,0.8310249307479224,0.788436268068331,0.776236699357248
linear,5.0,0.15,0.25,0.7763888888888889,0.75,0.8310249307479224,0.788436268068331,0.776236699357248
linear,7.0,0.3,0.1,0.7763888888888889,0.75,0.8310249307479224,0.788436268068331,0.776236699357248
linear,5.0,0.25,0.1,0.7763888888888889,0.75,0.8310249307479224,0.788436268068331,0.776236699357248
linear,5.0,0.15,0.3,0.7763888888888889,0.75,0.8310249307479224,0.788436268068331,0.776236699357248
rbf,4.0,0.1,0.15,0.7763888888888889,0.75,0.8310249307479224,0.788436268068331,0.776236699357248
linear,8.0,0.3,0.1,0.7763888888888889,0.75,0.8310249307479224,0.788436268068331,0.776236699357248
rbf,5.0,0.1,0.25,0.7763888888888889,0.75,0.8310249307479224,0.788436268068331,0.776236699357248
rbf,5.0,0.1,0.2,0.7763888888888889,0.75,0.8310249307479224,0.788436268068331,0.776236699357248
rbf,5.0,0.2,0.25,0.7736111111111111,0.7438423645320197,0.8365650969529086,0.7874837027379401,0.7734357518190726
rbf,5.0,0.2,0.3,0.7736111111111111,0.7438423645320197,0.8365650969529086,0.7874837027379401,0.7734357518190726
linear,10.0,0.3,0.1,0.775,0.7481296758104738,0.8310249307479224,0.7874015748031495,0.774843941697081
linear,9.0,0.3,0.1,0.775,0.7481296758104738,0.8310249307479224,0.7874015748031495,0.774843941697081
linear,4.0,0.15,0.15,0.7763888888888889,0.7525252525252525,0.8254847645429363,0.7873183619550858,0.7762521315750894
linear,9.0,0.3,0.3,0.7722222222222223,0.7408312958435208,0.8393351800554016,0.787012987012987,0.772035278049985
linear,10.0,0.3,0.3,0.7722222222222223,0.7408312958435208,0.8393351800554016,0.787012987012987,0.772035278049985
linear,10.0,0.3,0.25,0.7722222222222223,0.7408312958435208,0.8393351800554016,0.787012987012987,0.772035278049985
linear,9.0,0.3,0.25,0.7722222222222223,0.7408312958435208,0.8393351800554016,0.787012987012987,0.772035278049985
linear,7.0,0.25,0.1,0.775,0.7493734335839599,0.8282548476454293,0.7868421052631578,0.7748516578060015
linear,6.0,0.25,0.3,0.775,0.7493734335839599,0.8282548476454293,0.7868421052631578,0.7748516578060015
linear,8.0,0.25,0.1,0.775,0.7493734335839599,0.8282548476454293,0.7868421052631578,0.7748516578060015
linear,8.0,0.25,0.3,0.775,0.7493734335839599,0.8282548476454293,0.7868421052631578,0.7748516578060015
linear,4.0,0.25,0.2,0.775,0.7493734335839599,0.8282548476454293,0.7868421052631578,0.7748516578060015
linear,6.0,0.25,0.25,0.775,0.7493734335839599,0.8282548476454293,0.7868421052631578,0.7748516578060015
linear,6.0,0.25,0.1,0.775,0.7493734335839599,0.8282548476454293,0.7868421052631578,0.7748516578060015
linear,5.0,0.1,0.1,0.775,0.7493734335839599,0.8282548476454293,0.7868421052631578,0.7748516578060015
linear,8.0,0.25,0.25,0.775,0.7493734335839599,0.8282548476454293,0.7868421052631578,0.7748516578060015
linear,7.0,0.25,0.3,0.775,0.7493734335839599,0.8282548476454293,0.7868421052631578,0.7748516578060015
linear,7.0,0.25,0.25,0.775,0.7493734335839599,0.8282548476454293,0.7868421052631578,0.7748516578060015
rbf,8.0,0.2,0.3,0.7722222222222223,0.742014742014742,0.8365650969529086,0.7864583333333334,0.7720429941589055
rbf,6.0,0.2,0.3,0.7722222222222223,0.742014742014742,0.8365650969529086,0.7864583333333334,0.7720429941589055
rbf,7.0,0.2,0.3,0.7722222222222223,0.742014742014742,0.8365650969529086,0.7864583333333334,0.7720429941589055
rbf,6.0,0.2,0.25,0.7722222222222223,0.742014742014742,0.8365650969529086,0.7864583333333334,0.7720429941589055
rbf,7.0,0.2,0.25,0.7722222222222223,0.742014742014742,0.8365650969529086,0.7864583333333334,0.7720429941589055
rbf,8.0,0.2,0.25,0.7722222222222223,0.742014742014742,0.8365650969529086,0.7864583333333334,0.7720429941589055
rbf,4.0,0.15,0.2,0.7736111111111111,0.746268656716418,0.8310249307479224,0.7863695937090434,0.773451184036914
rbf,4.0,0.15,0.25,0.7736111111111111,0.746268656716418,0.8310249307479224,0.7863695937090434,0.773451184036914
rbf,4.0,0.15,0.3,0.7736111111111111,0.746268656716418,0.8310249307479224,0.7863695937090434,0.773451184036914
rbf,4.0,0.25,0.25,0.7736111111111111,0.746268656716418,0.8310249307479224,0.7863695937090434,0.773451184036914
rbf,4.0,0.25,0.3,0.7736111111111111,0.746268656716418,0.8310249307479224,0.7863695937090434,0.773451184036914
linear,4.0,0.2,0.1,0.775,0.7506297229219143,0.8254847645429363,0.7862796833773086,0.7748593739149222
rbf,8.0,0.1,0.15,0.7722222222222223,0.7432098765432099,0.8337950138504155,0.7859007832898172,0.772050710267826
rbf,6.0,0.1,0.15,0.7722222222222223,0.7432098765432099,0.8337950138504155,0.7859007832898172,0.772050710267826
rbf,7.0,0.1,0.15,0.7722222222222223,0.7432098765432099,0.8337950138504155,0.7859007832898172,0.772050710267826
linear,7.0,0.25,0.15,0.7736111111111111,0.7475,0.8282548476454293,0.7858081471747701,0.7734589001458344
linear,6.0,0.25,0.15,0.7736111111111111,0.7475,0.8282548476454293,0.7858081471747701,0.7734589001458344
linear,8.0,0.25,0.15,0.7736111111111111,0.7475,0.8282548476454293,0.7858081471747701,0.7734589001458344
linear,5.0,0.25,0.2,0.7736111111111111,0.7475,0.8282548476454293,0.7858081471747701,0.7734589001458344
linear,5.0,0.3,0.15,0.7736111111111111,0.7475,0.8282548476454293,0.7858081471747701,0.7734589001458344
linear,5.0,0.25,0.15,0.7736111111111111,0.7475,0.8282548476454293,0.7858081471747701,0.7734589001458344
linear,4.0,0.2,0.2,0.7736111111111111,0.7487437185929648,0.8254847645429363,0.7852437417654808,0.773466616254755
rbf,9.0,0.1,0.3,0.7708333333333334,0.7413793103448276,0.8337950138504155,0.7848761408083442,0.770657952607659
rbf,10.0,0.1,0.3,0.7708333333333334,0.7413793103448276,0.8337950138504155,0.7848761408083442,0.770657952607659
rbf,10.0,0.1,0.15,0.7708333333333334,0.7413793103448276,0.8337950138504155,0.7848761408083442,0.770657952607659
rbf,9.0,0.1,0.15,0.7708333333333334,0.7413793103448276,0.8337950138504155,0.7848761408083442,0.770657952607659
rbf,9.0,0.1,0.2,0.7708333333333334,0.7413793103448276,0.8337950138504155,0.7848761408083442,0.770657952607659
rbf,10.0,0.1,0.2,0.7708333333333334,0.7413793103448276,0.8337950138504155,0.7848761408083442,0.770657952607659
rbf,9.0,0.1,0.25,0.7708333333333334,0.7413793103448276,0.8337950138504155,0.7848761408083442,0.770657952607659
rbf,10.0,0.1,0.25,0.7708333333333334,0.7413793103448276,0.8337950138504155,0.7848761408083442,0.770657952607659
rbf,4.0,0.25,0.1,0.7736111111111111,0.75,0.8227146814404432,0.7846763540290622,0.7734743323636756
rbf,4.0,0.2,0.1,0.7736111111111111,0.75,0.8227146814404432,0.7846763540290622,0.7734743323636756
linear,4.0,0.1,0.1,0.7736111111111111,0.75,0.8227146814404432,0.7846763540290622,0.7734743323636756
linear,10.0,0.25,0.3,0.7708333333333334,0.7425742574257426,0.8310249307479224,0.7843137254901962,0.7706656687165796
linear,10.0,0.25,0.25,0.7708333333333334,0.7425742574257426,0.8310249307479224,0.7843137254901962,0.7706656687165796
linear,9.0,0.25,0.3,0.7708333333333334,0.7425742574257426,0.8310249307479224,0.7843137254901962,0.7706656687165796
linear,9.0,0.25,0.25,0.7708333333333334,0.7425742574257426,0.8310249307479224,0.7843137254901962,0.7706656687165796
linear,6.0,0.1,0.1,0.7722222222222223,0.7468671679197995,0.8254847645429363,0.7842105263157894,0.772073858594588
rbf,4.0,0.15,0.1,0.7722222222222223,0.7468671679197995,0.8254847645429363,0.7842105263157894,0.772073858594588
rbf,5.0,0.15,0.1,0.7722222222222223,0.7468671679197995,0.8254847645429363,0.7842105263157894,0.772073858594588
linear,8.0,0.3,0.15,0.7722222222222223,0.7468671679197995,0.8254847645429363,0.7842105263157894,0.772073858594588
rbf,5.0,0.1,0.15,0.7722222222222223,0.7468671679197995,0.8254847645429363,0.7842105263157894,0.772073858594588
linear,7.0,0.3,0.15,0.7722222222222223,0.7468671679197995,0.8254847645429363,0.7842105263157894,0.772073858594588
linear,6.0,0.3,0.15,0.7722222222222223,0.7468671679197995,0.8254847645429363,0.7842105263157894,0.772073858594588
rbf,4.0,0.25,0.2,0.7722222222222223,0.7468671679197995,0.8254847645429363,0.7842105263157894,0.772073858594588
rbf,4.0,0.3,0.1,0.7736111111111111,0.751269035532995,0.8199445983379502,0.7841059602649006,0.7734820484725964
rbf,4.0,0.2,0.25,0.7708333333333334,0.7437810945273632,0.8282548476454293,0.783748361730013,0.7706733848255002
rbf,5.0,0.15,0.2,0.7708333333333334,0.7437810945273632,0.8282548476454293,0.783748361730013,0.7706733848255002
rbf,5.0,0.15,0.25,0.7708333333333334,0.7437810945273632,0.8282548476454293,0.783748361730013,0.7706733848255002
rbf,4.0,0.2,0.3,0.7708333333333334,0.7437810945273632,0.8282548476454293,0.783748361730013,0.7706733848255002
rbf,5.0,0.15,0.3,0.7708333333333334,0.7437810945273632,0.8282548476454293,0.783748361730013,0.7706733848255002
linear,4.0,0.15,0.1,0.7722222222222223,0.7481108312342569,0.8227146814404432,0.783641160949868,0.7720815747035085
rbf,5.0,0.2,0.1,0.7722222222222223,0.7481108312342569,0.8227146814404432,0.783641160949868,0.7720815747035085
rbf,5.0,0.25,0.3,0.7694444444444445,0.7407407407407407,0.8310249307479224,0.7832898172323759,0.7692729110564125
rbf,5.0,0.25,0.25,0.7694444444444445,0.7407407407407407,0.8310249307479224,0.7832898172323759,0.7692729110564125
linear,9.0,0.3,0.2,0.7694444444444445,0.7407407407407407,0.8310249307479224,0.7832898172323759,0.7692729110564125
linear,10.0,0.3,0.2,0.7694444444444445,0.7407407407407407,0.8310249307479224,0.7832898172323759,0.7692729110564125
rbf,5.0,0.3,0.25,0.7680555555555556,0.7377450980392157,0.8337950138504155,0.7828348504551366,0.7678724372873249
rbf,5.0,0.3,0.3,0.7680555555555556,0.7377450980392157,0.8337950138504155,0.7828348504551366,0.7678724372873249
rbf,8.0,0.1,0.25,0.7694444444444445,0.7419354838709677,0.8282548476454293,0.7827225130890052,0.769280627165333
rbf,7.0,0.15,0.3,0.7694444444444445,0.7419354838709677,0.8282548476454293,0.7827225130890052,0.769280627165333
rbf,7.0,0.1,0.25,0.7694444444444445,0.7419354838709677,0.8282548476454293,0.7827225130890052,0.769280627165333
rbf,6.0,0.15,0.25,0.7694444444444445,0.7419354838709677,0.8282548476454293,0.7827225130890052,0.769280627165333
rbf,8.0,0.1,0.3,0.7694444444444445,0.7419354838709677,0.8282548476454293,0.7827225130890052,0.769280627165333
rbf,8.0,0.1,0.2,0.7694444444444445,0.7419354838709677,0.8282548476454293,0.7827225130890052,0.769280627165333
rbf,6.0,0.1,0.25,0.7694444444444445,0.7419354838709677,0.8282548476454293,0.7827225130890052,0.769280627165333
rbf,7.0,0.15,0.2,0.7694444444444445,0.7419354838709677,0.8282548476454293,0.7827225130890052,0.769280627165333
rbf,7.0,0.1,0.3,0.7694444444444445,0.7419354838709677,0.8282548476454293,0.7827225130890052,0.769280627165333
rbf,8.0,0.15,0.25,0.7694444444444445,0.7419354838709677,0.8282548476454293,0.7827225130890052,0.769280627165333
rbf,7.0,0.1,0.2,0.7694444444444445,0.7419354838709677,0.8282548476454293,0.7827225130890052,0.769280627165333
rbf,6.0,0.15,0.2,0.7694444444444445,0.7419354838709677,0.8282548476454293,0.7827225130890052,0.769280627165333
rbf,6.0,0.15,0.3,0.7694444444444445,0.7419354838709677,0.8282548476454293,0.7827225130890052,0.769280627165333
rbf,6.0,0.1,0.2,0.7694444444444445,0.7419354838709677,0.8282548476454293,0.7827225130890052,0.769280627165333
rbf,6.0,0.1,0.3,0.7694444444444445,0.7419354838709677,0.8282548476454293,0.7827225130890052,0.769280627165333
rbf,8.0,0.15,0.3,0.7694444444444445,0.7419354838709677,0.8282548476454293,0.7827225130890052,0.769280627165333
rbf,8.0,0.15,0.2,0.7694444444444445,0.7419354838709677,0.8282548476454293,0.7827225130890052,0.769280627165333
rbf,7.0,0.15,0.25,0.7694444444444445,0.7419354838709677,0.8282548476454293,0.7827225130890052,0.769280627165333
linear,7.0,0.1,0.1,0.7708333333333334,0.7462311557788944,0.8227146814404432,0.7826086956521738,0.7706888170433414
linear,8.0,0.1,0.1,0.7708333333333334,0.7462311557788944,0.8227146814404432,0.7826086956521738,0.7706888170433414
rbf,4.0,0.15,0.15,0.7694444444444445,0.743142144638404,0.8254847645429363,0.7821522309711286,0.7692883432742537
linear,5.0,0.2,0.3,0.7708333333333334,0.7474747474747475,0.8199445983379502,0.7820343461030385,0.770696533152262
linear,5.0,0.2,0.25,0.7708333333333334,0.7474747474747475,0.8199445983379502,0.7820343461030385,0.770696533152262
rbf,8.0,0.15,0.1,0.7694444444444445,0.7443609022556391,0.8227146814404432,0.781578947368421,0.7692960593831744
rbf,4.0,0.2,0.15,0.7694444444444445,0.7443609022556391,0.8227146814404432,0.781578947368421,0.7692960593831744
rbf,7.0,0.15,0.1,0.7694444444444445,0.7443609022556391,0.8227146814404432,0.781578947368421,0.7692960593831744
rbf,6.0,0.15,0.1,0.7694444444444445,0.7443609022556391,0.8227146814404432,0.781578947368421,0.7692960593831744
linear,4.0,0.2,0.15,0.7708333333333334,0.748730964467005,0.817174515235457,0.7814569536423841,0.7707042492611825
rbf,4.0,0.3,0.2,0.7708333333333334,0.748730964467005,0.817174515235457,0.7814569536423841,0.7707042492611825
linear,10.0,0.25,0.1,0.7694444444444445,0.7455919395465995,0.8199445983379502,0.7810026385224276,0.7693037754920949
rbf,5.0,0.25,0.2,0.7694444444444445,0.7455919395465995,0.8199445983379502,0.7810026385224276,0.7693037754920949
rbf,5.0,0.2,0.15,0.7694444444444445,0.7455919395465995,0.8199445983379502,0.7810026385224276,0.7693037754920949
linear,9.0,0.25,0.1,0.7694444444444445,0.7455919395465995,0.8199445983379502,0.7810026385224276,0.7693037754920949
rbf,10.0,0.2,0.3,0.7652777777777777,0.7341463414634146,0.8337950138504155,0.7808041504539559,0.7650869219669905
rbf,9.0,0.2,0.3,0.7652777777777777,0.7341463414634146,0.8337950138504155,0.7808041504539559,0.7650869219669905
rbf,9.0,0.2,0.25,0.7652777777777777,0.7341463414634146,0.8337950138504155,0.7808041504539559,0.7650869219669905
rbf,10.0,0.2,0.25,0.7652777777777777,0.7341463414634146,0.8337950138504155,0.7808041504539559,0.7650869219669905
rbf,5.0,0.25,0.1,0.7694444444444445,0.7468354430379747,0.817174515235457,0.7804232804232804,0.7693114916010154
linear,9.0,0.1,0.15,0.7680555555555556,0.7437185929648241,0.8199445983379502,0.779973649538867,0.7679110178319278
rbf,5.0,0.15,0.15,0.7680555555555556,0.7437185929648241,0.8199445983379502,0.779973649538867,0.7679110178319278
rbf,6.0,0.25,0.1,0.7680555555555556,0.7437185929648241,0.8199445983379502,0.779973649538867,0.7679110178319278
rbf,8.0,0.25,0.1,0.7680555555555556,0.7437185929648241,0.8199445983379502,0.779973649538867,0.7679110178319278
rbf,7.0,0.25,0.1,0.7680555555555556,0.7437185929648241,0.8199445983379502,0.779973649538867,0.7679110178319278
linear,10.0,0.1,0.15,0.7680555555555556,0.7437185929648241,0.8199445983379502,0.779973649538867,0.7679110178319278
linear,5.0,0.2,0.15,0.7694444444444445,0.7480916030534351,0.814404432132964,0.7798408488063661,0.769319207709936
linear,7.0,0.2,0.15,0.7680555555555556,0.7449494949494949,0.817174515235457,0.7793923381770146,0.7679187339408483
linear,6.0,0.15,0.15,0.7680555555555556,0.7449494949494949,0.817174515235457,0.7793923381770146,0.7679187339408483
linear,8.0,0.15,0.15,0.7680555555555556,0.7449494949494949,0.817174515235457,0.7793923381770146,0.7679187339408483
linear,8.0,0.2,0.15,0.7680555555555556,0.7449494949494949,0.817174515235457,0.7793923381770146,0.7679187339408483
linear,6.0,0.2,0.15,0.7680555555555556,0.7449494949494949,0.817174515235457,0.7793923381770146,0.7679187339408483
linear,7.0,0.15,0.15,0.7680555555555556,0.7449494949494949,0.817174515235457,0.7793923381770146,0.7679187339408483
rbf,5.0,0.3,0.1,0.7694444444444445,0.7493606138107417,0.8116343490304709,0.7792553191489363,0.7693269238188566
rbf,9.0,0.2,0.1,0.7666666666666667,0.7418546365914787,0.8199445983379502,0.7789473684210525,0.7665182601717607
rbf,10.0,0.2,0.1,0.7666666666666667,0.7418546365914787,0.8199445983379502,0.7789473684210525,0.7665182601717607
rbf,7.0,0.2,0.15,0.7666666666666667,0.7418546365914787,0.8199445983379502,0.7789473684210525,0.7665182601717607
rbf,7.0,0.15,0.15,0.7666666666666667,0.7418546365914787,0.8199445983379502,0.7789473684210525,0.7665182601717607
rbf,5.0,0.2,0.2,0.7666666666666667,0.7418546365914787,0.8199445983379502,0.7789473684210525,0.7665182601717607
rbf,9.0,0.15,0.1,0.7666666666666667,0.7418546365914787,0.8199445983379502,0.7789473684210525,0.7665182601717607
rbf,8.0,0.15,0.15,0.7666666666666667,0.7418546365914787,0.8199445983379502,0.7789473684210525,0.7665182601717607
rbf,8.0,0.2,0.15,0.7666666666666667,0.7418546365914787,0.8199445983379502,0.7789473684210525,0.7665182601717607
rbf,6.0,0.2,0.15,0.7666666666666667,0.7418546365914787,0.8199445983379502,0.7789473684210525,0.7665182601717607
rbf,6.0,0.15,0.15,0.7666666666666667,0.7418546365914787,0.8199445983379502,0.7789473684210525,0.7665182601717607
rbf,10.0,0.15,0.1,0.7666666666666667,0.7418546365914787,0.8199445983379502,0.7789473684210525,0.7665182601717607
linear,6.0,0.2,0.25,0.7680555555555556,0.7461928934010152,0.814404432132964,0.7788079470198674,0.7679264500497689
linear,6.0,0.25,0.2,0.7680555555555556,0.7461928934010152,0.814404432132964,0.7788079470198674,0.7679264500497689
linear,5.0,0.15,0.15,0.7680555555555556,0.7461928934010152,0.814404432132964,0.7788079470198674,0.7679264500497689
linear,7.0,0.2,0.25,0.7680555555555556,0.7461928934010152,0.814404432132964,0.7788079470198674,0.7679264500497689
linear,8.0,0.2,0.3,0.7680555555555556,0.7461928934010152,0.814404432132964,0.7788079470198674,0.7679264500497689
linear,7.0,0.25,0.2,0.7680555555555556,0.7461928934010152,0.814404432132964,0.7788079470198674,0.7679264500497689
linear,8.0,0.25,0.2,0.7680555555555556,0.7461928934010152,0.814404432132964,0.7788079470198674,0.7679264500497689
linear,7.0,0.2,0.3,0.7680555555555556,0.7461928934010152,0.814404432132964,0.7788079470198674,0.7679264500497689
linear,8.0,0.2,0.25,0.7680555555555556,0.7461928934010152,0.814404432132964,0.7788079470198674,0.7679264500497689
linear,6.0,0.2,0.3,0.7680555555555556,0.7461928934010152,0.814404432132964,0.7788079470198674,0.7679264500497689
rbf,6.0,0.25,0.3,0.7638888888888888,0.7346437346437347,0.8282548476454293,0.7786458333333334,0.7637095965246645
rbf,8.0,0.25,0.3,0.7638888888888888,0.7346437346437347,0.8282548476454293,0.7786458333333334,0.7637095965246645
rbf,6.0,0.25,0.25,0.7638888888888888,0.7346437346437347,0.8282548476454293,0.7786458333333334,0.7637095965246645
rbf,7.0,0.25,0.3,0.7638888888888888,0.7346437346437347,0.8282548476454293,0.7786458333333334,0.7637095965246645
rbf,8.0,0.25,0.25,0.7638888888888888,0.7346437346437347,0.8282548476454293,0.7786458333333334,0.7637095965246645
rbf,7.0,0.25,0.25,0.7638888888888888,0.7346437346437347,0.8282548476454293,0.7786458333333334,0.7637095965246645
linear,10.0,0.3,0.15,0.7652777777777777,0.7388059701492538,0.8227146814404432,0.7785058977719528,0.7651177864026728
linear,9.0,0.3,0.15,0.7652777777777777,0.7388059701492538,0.8227146814404432,0.7785058977719528,0.7651177864026728
rbf,8.0,0.2,0.1,0.7666666666666667,0.743073047858942,0.817174515235457,0.7783641160949868,0.7665259762806813
linear,9.0,0.2,0.3,0.7666666666666667,0.743073047858942,0.817174515235457,0.7783641160949868,0.7665259762806813
linear,10.0,0.2,0.3,0.7666666666666667,0.743073047858942,0.817174515235457,0.7783641160949868,0.7665259762806813
rbf,6.0,0.2,0.1,0.7666666666666667,0.743073047858942,0.817174515235457,0.7783641160949868,0.7665259762806813
rbf,4.0,0.2,0.2,0.7666666666666667,0.743073047858942,0.817174515235457,0.7783641160949868,0.7665259762806813
rbf,7.0,0.2,0.1,0.7666666666666667,0.743073047858942,0.817174515235457,0.7783641160949868,0.7665259762806813
linear,10.0,0.2,0.25,0.7666666666666667,0.743073047858942,0.817174515235457,0.7783641160949868,0.7665259762806813
linear,9.0,0.2,0.25,0.7666666666666667,0.743073047858942,0.817174515235457,0.7783641160949868,0.7665259762806813
linear,8.0,0.15,0.25,0.7680555555555556,0.7474489795918368,0.8116343490304709,0.7782204515272243,0.7679341661586895
linear,6.0,0.15,0.2,0.7680555555555556,0.7474489795918368,0.8116343490304709,0.7782204515272243,0.7679341661586895
linear,7.0,0.15,0.2,0.7680555555555556,0.7474489795918368,0.8116343490304709,0.7782204515272243,0.7679341661586895
linear,8.0,0.15,0.3,0.7680555555555556,0.7474489795918368,0.8116343490304709,0.7782204515272243,0.7679341661586895
linear,8.0,0.15,0.2,0.7680555555555556,0.7474489795918368,0.8116343490304709,0.7782204515272243,0.7679341661586895
linear,7.0,0.15,0.3,0.7680555555555556,0.7474489795918368,0.8116343490304709,0.7782204515272243,0.7679341661586895
linear,6.0,0.15,0.3,0.7680555555555556,0.7474489795918368,0.8116343490304709,0.7782204515272243,0.7679341661586895
linear,5.0,0.2,0.2,0.7680555555555556,0.7474489795918368,0.8116343490304709,0.7782204515272243,0.7679341661586895
linear,6.0,0.15,0.25,0.7680555555555556,0.7474489795918368,0.8116343490304709,0.7782204515272243,0.7679341661586895
linear,7.0,0.15,0.25,0.7680555555555556,0.7474489795918368,0.8116343490304709,0.7782204515272243,0.7679341661586895
rbf,6.0,0.3,0.25,0.7625,0.7317073170731707,0.8310249307479224,0.7782101167315175,0.7623091227555768
rbf,8.0,0.3,0.3,0.7625,0.7317073170731707,0.8310249307479224,0.7782101167315175,0.7623091227555768
rbf,7.0,0.3,0.3,0.7625,0.7317073170731707,0.8310249307479224,0.7782101167315175,0.7623091227555768
rbf,6.0,0.3,0.3,0.7625,0.7317073170731707,0.8310249307479224,0.7782101167315175,0.7623091227555768
rbf,8.0,0.3,0.25,0.7625,0.7317073170731707,0.8310249307479224,0.7782101167315175,0.7623091227555768
rbf,7.0,0.3,0.25,0.7625,0.7317073170731707,0.8310249307479224,0.7782101167315175,0.7623091227555768
rbf,10.0,0.15,0.2,0.7638888888888888,0.7358024691358025,0.8254847645429363,0.7780678851174935,0.7637173126335852
rbf,10.0,0.15,0.3,0.7638888888888888,0.7358024691358025,0.8254847645429363,0.7780678851174935,0.7637173126335852
rbf,9.0,0.15,0.25,0.7638888888888888,0.7358024691358025,0.8254847645429363,0.7780678851174935,0.7637173126335852
rbf,9.0,0.15,0.2,0.7638888888888888,0.7358024691358025,0.8254847645429363,0.7780678851174935,0.7637173126335852
rbf,10.0,0.15,0.25,0.7638888888888888,0.7358024691358025,0.8254847645429363,0.7780678851174935,0.7637173126335852
rbf,9.0,0.15,0.3,0.7638888888888888,0.7358024691358025,0.8254847645429363,0.7780678851174935,0.7637173126335852
rbf,4.0,0.3,0.25,0.7652777777777777,0.74,0.8199445983379502,0.7779237844940867,0.7651255025115934
rbf,4.0,0.3,0.3,0.7652777777777777,0.74,0.8199445983379502,0.7779237844940867,0.7651255025115934
rbf,8.0,0.2,0.2,0.7652777777777777,0.74,0.8199445983379502,0.7779237844940867,0.7651255025115934
rbf,7.0,0.2,0.2,0.7652777777777777,0.74,0.8199445983379502,0.7779237844940867,0.7651255025115934
rbf,6.0,0.2,0.2,0.7652777777777777,0.74,0.8199445983379502,0.7779237844940867,0.7651255025115934
rbf,5.0,0.25,0.15,0.7666666666666667,0.7443037974683544,0.814404432132964,0.7777777777777777,0.7665336923896018
rbf,4.0,0.3,0.15,0.7666666666666667,0.7455470737913485,0.8116343490304709,0.7771883289124668,0.7665414084985224
linear,9.0,0.2,0.15,0.7652777777777777,0.7424242424242424,0.814404432132964,0.7767503302509908,0.7651409347294347
linear,10.0,0.2,0.15,0.7652777777777777,0.7424242424242424,0.814404432132964,0.7767503302509908,0.7651409347294347
linear,5.0,0.15,0.1,0.7652777777777777,0.7424242424242424,0.814404432132964,0.7767503302509908,0.7651409347294347
rbf,4.0,0.25,0.15,0.7652777777777777,0.7424242424242424,0.814404432132964,0.7767503302509908,0.7651409347294347
linear,5.0,0.2,0.1,0.7652777777777777,0.7436548223350253,0.8116343490304709,0.7761589403973511,0.7651486508383553
rbf,10.0,0.25,0.1,0.7638888888888888,0.7405541561712846,0.814404432132964,0.7757255936675461,0.7637481770692675
rbf,9.0,0.25,0.1,0.7638888888888888,0.7405541561712846,0.814404432132964,0.7757255936675461,0.7637481770692675
linear,10.0,0.1,0.1,0.7638888888888888,0.7405541561712846,0.814404432132964,0.7757255936675461,0.7637481770692675
linear,9.0,0.1,0.1,0.7638888888888888,0.7405541561712846,0.814404432132964,0.7757255936675461,0.7637481770692675
rbf,9.0,0.25,0.25,0.7597222222222222,0.7292682926829268,0.8282548476454293,0.775616083009079,0.7595313235441631
rbf,9.0,0.25,0.3,0.7597222222222222,0.7292682926829268,0.8282548476454293,0.775616083009079,0.7595313235441631
rbf,10.0,0.25,0.3,0.7597222222222222,0.7292682926829268,0.8282548476454293,0.775616083009079,0.7595313235441631
rbf,10.0,0.25,0.25,0.7597222222222222,0.7292682926829268,0.8282548476454293,0.775616083009079,0.7595313235441631
rbf,7.0,0.3,0.1,0.7652777777777777,0.7448979591836735,0.8088642659279779,0.7755644090305445,0.7651563669472758
rbf,8.0,0.3,0.1,0.7652777777777777,0.7448979591836735,0.8088642659279779,0.7755644090305445,0.7651563669472758
rbf,6.0,0.3,0.1,0.7652777777777777,0.7448979591836735,0.8088642659279779,0.7755644090305445,0.7651563669472758
rbf,9.0,0.15,0.15,0.7625,0.7375,0.817174515235457,0.7752956636005257,0.7623477033001798
rbf,10.0,0.15,0.15,0.7625,0.7375,0.817174515235457,0.7752956636005257,0.7623477033001798
rbf,9.0,0.3,0.25,0.7583333333333333,0.7263922518159807,0.8310249307479224,0.7751937984496123,0.7581308497750754
rbf,9.0,0.3,0.3,0.7583333333333333,0.7263922518159807,0.8310249307479224,0.7751937984496123,0.7581308497750754
rbf,10.0,0.3,0.25,0.7583333333333333,0.7263922518159807,0.8310249307479224,0.7751937984496123,0.7581308497750754
rbf,10.0,0.3,0.3,0.7583333333333333,0.7263922518159807,0.8310249307479224,0.7751937984496123,0.7581308497750754
linear,7.0,0.2,0.1,0.7652777777777777,0.7461538461538462,0.8060941828254847,0.7749667110519307,0.7651640830561964
linear,8.0,0.2,0.1,0.7652777777777777,0.7461538461538462,0.8060941828254847,0.7749667110519307,0.7651640830561964
linear,6.0,0.2,0.1,0.7652777777777777,0.7461538461538462,0.8060941828254847,0.7749667110519307,0.7651640830561964
rbf,10.0,0.2,0.2,0.7611111111111111,0.7344913151364765,0.8199445983379502,0.774869109947644,0.7609472295310922
rbf,9.0,0.2,0.2,0.7611111111111111,0.7344913151364765,0.8199445983379502,0.774869109947644,0.7609472295310922
linear,6.0,0.15,0.1,0.7638888888888888,0.7430025445292621,0.8088642659279779,0.7745358090185676,0.7637636092871087
rbf,5.0,0.3,0.15,0.7638888888888888,0.7430025445292621,0.8088642659279779,0.7745358090185676,0.7637636092871087
linear,7.0,0.15,0.1,0.7638888888888888,0.7430025445292621,0.8088642659279779,0.7745358090185676,0.7637636092871087
linear,8.0,0.15,0.1,0.7638888888888888,0.7430025445292621,0.8088642659279779,0.7745358090185676,0.7637636092871087
rbf,9.0,0.2,0.15,0.7611111111111111,0.7356608478802993,0.817174515235457,0.774278215223097,0.7609549456400126
rbf,6.0,0.25,0.2,0.7611111111111111,0.7356608478802993,0.817174515235457,0.774278215223097,0.7609549456400126
rbf,10.0,0.2,0.15,0.7611111111111111,0.7356608478802993,0.817174515235457,0.774278215223097,0.7609549456400126
rbf,8.0,0.25,0.2,0.7611111111111111,0.7356608478802993,0.817174515235457,0.774278215223097,0.7609549456400126
rbf,7.0,0.25,0.2,0.7611111111111111,0.7356608478802993,0.817174515235457,0.774278215223097,0.7609549456400126
rbf,10.0,0.25,0.2,0.7597222222222222,0.7326732673267327,0.8199445983379502,0.7738562091503268,0.7595544718709251
rbf,9.0,0.25,0.2,0.7597222222222222,0.7326732673267327,0.8199445983379502,0.7738562091503268,0.7595544718709251
rbf,9.0,0.25,0.15,0.7611111111111111,0.7368421052631579,0.814404432132964,0.7736842105263159,0.7609626617489332
rbf,10.0,0.25,0.15,0.7611111111111111,0.7368421052631579,0.814404432132964,0.7736842105263159,0.7609626617489332
linear,9.0,0.25,0.2,0.7611111111111111,0.7380352644836272,0.8116343490304709,0.7730870712401056,0.7609703778578538
linear,10.0,0.25,0.2,0.7611111111111111,0.7380352644836272,0.8116343490304709,0.7730870712401056,0.7609703778578538
linear,7.0,0.2,0.2,0.7638888888888888,0.7467700258397932,0.8005540166204986,0.7727272727272727,0.7637867576138706
linear,6.0,0.2,0.2,0.7638888888888888,0.7467700258397932,0.8005540166204986,0.7727272727272727,0.7637867576138706
linear,8.0,0.2,0.2,0.7638888888888888,0.7467700258397932,0.8005540166204986,0.7727272727272727,0.7637867576138706
rbf,5.0,0.3,0.2,0.7611111111111111,0.739240506329114,0.8088642659279779,0.7724867724867726,0.7609780939667744
rbf,7.0,0.25,0.15,0.7597222222222222,0.7361809045226131,0.8116343490304709,0.7720685111989459,0.7595776201976867
rbf,8.0,0.25,0.15,0.7597222222222222,0.7361809045226131,0.8116343490304709,0.7720685111989459,0.7595776201976867
rbf,6.0,0.25,0.15,0.7597222222222222,0.7361809045226131,0.8116343490304709,0.7720685111989459,0.7595776201976867
linear,10.0,0.15,0.25,0.7611111111111111,0.7404580152671756,0.8060941828254847,0.7718832891246684,0.7609858100756951
linear,9.0,0.15,0.2,0.7611111111111111,0.7404580152671756,0.8060941828254847,0.7718832891246684,0.7609858100756951
linear,9.0,0.15,0.3,0.7611111111111111,0.7404580152671756,0.8060941828254847,0.7718832891246684,0.7609858100756951
linear,10.0,0.15,0.15,0.7611111111111111,0.7404580152671756,0.8060941828254847,0.7718832891246684,0.7609858100756951
linear,10.0,0.15,0.1,0.7611111111111111,0.7404580152671756,0.8060941828254847,0.7718832891246684,0.7609858100756951
linear,10.0,0.15,0.2,0.7611111111111111,0.7404580152671756,0.8060941828254847,0.7718832891246684,0.7609858100756951
linear,10.0,0.15,0.3,0.7611111111111111,0.7404580152671756,0.8060941828254847,0.7718832891246684,0.7609858100756951
linear,9.0,0.15,0.1,0.7611111111111111,0.7404580152671756,0.8060941828254847,0.7718832891246684,0.7609858100756951
linear,9.0,0.15,0.25,0.7611111111111111,0.7404580152671756,0.8060941828254847,0.7718832891246684,0.7609858100756951
linear,9.0,0.15,0.15,0.7611111111111111,0.7404580152671756,0.8060941828254847,0.7718832891246684,0.7609858100756951
rbf,10.0,0.3,0.1,0.7611111111111111,0.7416879795396419,0.8033240997229917,0.7712765957446809,0.7609935261846157
rbf,9.0,0.3,0.1,0.7611111111111111,0.7416879795396419,0.8033240997229917,0.7712765957446809,0.7609935261846157
linear,9.0,0.2,0.1,0.7597222222222222,0.7397959183673469,0.8033240997229917,0.7702523240371846,0.7596007685244486
linear,10.0,0.2,0.1,0.7597222222222222,0.7397959183673469,0.8033240997229917,0.7702523240371846,0.7596007685244486
linear,9.0,0.25,0.15,0.7569444444444444,0.7336683417085427,0.8088642659279779,0.769433465085639,0.7567998209862731
linear,10.0,0.25,0.15,0.7569444444444444,0.7336683417085427,0.8088642659279779,0.769433465085639,0.7567998209862731
rbf,6.0,0.3,0.15,0.7569444444444444,0.7360406091370558,0.8033240997229917,0.7682119205298014,0.7568152532041141
rbf,7.0,0.3,0.15,0.7569444444444444,0.7360406091370558,0.8033240997229917,0.7682119205298014,0.7568152532041141
rbf,8.0,0.3,0.15,0.7569444444444444,0.7360406091370558,0.8033240997229917,0.7682119205298014,0.7568152532041141
rbf,9.0,0.3,0.15,0.7541666666666667,0.7323232323232324,0.8033240997229917,0.7661822985468957,0.7540297378837799
rbf,10.0,0.3,0.15,0.7541666666666667,0.7323232323232324,0.8033240997229917,0.7661822985468957,0.7540297378837799
rbf,6.0,0.3,0.2,0.7527777777777778,0.7293233082706767,0.8060941828254847,0.7657894736842106,0.7526292641146923
rbf,7.0,0.3,0.2,0.7527777777777778,0.7293233082706767,0.8060941828254847,0.7657894736842106,0.7526292641146923
rbf,8.0,0.3,0.2,0.7527777777777778,0.7293233082706767,0.8060941828254847,0.7657894736842106,0.7526292641146923
rbf,9.0,0.3,0.2,0.7513888888888889,0.7275,0.8060941828254847,0.7647831800262812,0.751236506454525
rbf,10.0,0.3,0.2,0.7513888888888889,0.7275,0.8060941828254847,0.7647831800262812,0.751236506454525
linear,10.0,0.2,0.2,0.7527777777777778,0.732824427480916,0.7977839335180056,0.7639257294429709,0.752652412441454
linear,9.0,0.2,0.2,0.7527777777777778,0.732824427480916,0.7977839335180056,0.7639257294429709,0.752652412441454
sigmoid,9.0,0.1,0.25,0.7541666666666667,0.75,0.7645429362880887,0.7572016460905351,0.7541377634086683
sigmoid,9.0,0.1,0.2,0.7541666666666667,0.75,0.7645429362880887,0.7572016460905351,0.7541377634086683
sigmoid,10.0,0.1,0.3,0.7541666666666667,0.75,0.7645429362880887,0.7572016460905351,0.7541377634086683
sigmoid,9.0,0.1,0.3,0.7541666666666667,0.75,0.7645429362880887,0.7572016460905351,0.7541377634086683
sigmoid,10.0,0.1,0.2,0.7541666666666667,0.75,0.7645429362880887,0.7572016460905351,0.7541377634086683
sigmoid,10.0,0.1,0.25,0.7541666666666667,0.75,0.7645429362880887,0.7572016460905351,0.7541377634086683
sigmoid,9.0,0.1,0.1,0.7541666666666667,0.7513661202185792,0.7617728531855956,0.7565337001375516,0.7541454795175889
sigmoid,10.0,0.1,0.1,0.7541666666666667,0.7513661202185792,0.7617728531855956,0.7565337001375516,0.7541454795175889
sigmoid,9.0,0.1,0.15,0.7527777777777778,0.7493188010899182,0.7617728531855956,0.7554945054945056,0.7527527218574217
sigmoid,10.0,0.1,0.15,0.7527777777777778,0.7493188010899182,0.7617728531855956,0.7554945054945056,0.7527527218574217
sigmoid,6.0,0.1,0.1,0.7402777777777778,0.7253886010362695,0.775623268698061,0.749665327978581,0.7401793223713147
sigmoid,7.0,0.1,0.1,0.7402777777777778,0.7253886010362695,0.775623268698061,0.749665327978581,0.7401793223713147
sigmoid,8.0,0.1,0.1,0.7402777777777778,0.7253886010362695,0.775623268698061,0.749665327978581,0.7401793223713147
sigmoid,5.0,0.1,0.1,0.7388888888888889,0.7246753246753247,0.7728531855955678,0.74798927613941,0.738794280820068
sigmoid,4.0,0.1,0.1,0.7388888888888889,0.7246753246753247,0.7728531855955678,0.74798927613941,0.738794280820068
sigmoid,5.0,0.25,0.1,0.7277777777777777,0.7027027027027027,0.7922437673130194,0.7447916666666666,0.727598206776287
sigmoid,4.0,0.25,0.1,0.7277777777777777,0.7027027027027027,0.7922437673130194,0.7447916666666666,0.727598206776287
sigmoid,6.0,0.25,0.1,0.7263888888888889,0.7019704433497537,0.7894736842105263,0.7431551499348108,0.7262131652250403
sigmoid,4.0,0.2,0.1,0.7263888888888889,0.7019704433497537,0.7894736842105263,0.7431551499348108,0.7262131652250403
sigmoid,8.0,0.25,0.1,0.7263888888888889,0.7019704433497537,0.7894736842105263,0.7431551499348108,0.7262131652250403
sigmoid,7.0,0.25,0.1,0.7263888888888889,0.7019704433497537,0.7894736842105263,0.7431551499348108,0.7262131652250403
sigmoid,4.0,0.25,0.15,0.725,0.6992665036674817,0.7922437673130194,0.7428571428571429,0.7248126914559527
sigmoid,4.0,0.1,0.2,0.7319444444444444,0.7176165803108808,0.7673130193905817,0.7416331994645248,0.7318459247370735
sigmoid,4.0,0.1,0.25,0.7319444444444444,0.7176165803108808,0.7673130193905817,0.7416331994645248,0.7318459247370735
sigmoid,4.0,0.1,0.3,0.7319444444444444,0.7176165803108808,0.7673130193905817,0.7416331994645248,0.7318459247370735
sigmoid,4.0,0.25,0.2,0.7236111111111111,0.6985294117647058,0.7894736842105263,0.741222366710013,0.7234276499047062
sigmoid,8.0,0.1,0.15,0.7305555555555555,0.7157622739018088,0.7673130193905817,0.7406417112299465,0.7304531670769064
sigmoid,7.0,0.1,0.15,0.7305555555555555,0.7157622739018088,0.7673130193905817,0.7406417112299465,0.7304531670769064
sigmoid,7.0,0.1,0.3,0.7305555555555555,0.7157622739018088,0.7673130193905817,0.7406417112299465,0.7304531670769064
sigmoid,6.0,0.1,0.3,0.7305555555555555,0.7157622739018088,0.7673130193905817,0.7406417112299465,0.7304531670769064
sigmoid,6.0,0.1,0.15,0.7305555555555555,0.7157622739018088,0.7673130193905817,0.7406417112299465,0.7304531670769064
sigmoid,5.0,0.1,0.3,0.7305555555555555,0.7157622739018088,0.7673130193905817,0.7406417112299465,0.7304531670769064
sigmoid,5.0,0.1,0.2,0.7305555555555555,0.7157622739018088,0.7673130193905817,0.7406417112299465,0.7304531670769064
sigmoid,6.0,0.1,0.2,0.7305555555555555,0.7157622739018088,0.7673130193905817,0.7406417112299465,0.7304531670769064
sigmoid,7.0,0.1,0.2,0.7305555555555555,0.7157622739018088,0.7673130193905817,0.7406417112299465,0.7304531670769064
sigmoid,8.0,0.1,0.2,0.7305555555555555,0.7157622739018088,0.7673130193905817,0.7406417112299465,0.7304531670769064
sigmoid,8.0,0.1,0.25,0.7305555555555555,0.7157622739018088,0.7673130193905817,0.7406417112299465,0.7304531670769064
sigmoid,7.0,0.1,0.25,0.7305555555555555,0.7157622739018088,0.7673130193905817,0.7406417112299465,0.7304531670769064
sigmoid,6.0,0.1,0.25,0.7305555555555555,0.7157622739018088,0.7673130193905817,0.7406417112299465,0.7304531670769064
sigmoid,8.0,0.1,0.3,0.7305555555555555,0.7157622739018088,0.7673130193905817,0.7406417112299465,0.7304531670769064
sigmoid,5.0,0.1,0.25,0.7305555555555555,0.7157622739018088,0.7673130193905817,0.7406417112299465,0.7304531670769064
sigmoid,5.0,0.1,0.15,0.7305555555555555,0.7157622739018088,0.7673130193905817,0.7406417112299465,0.7304531670769064
sigmoid,4.0,0.1,0.15,0.7305555555555555,0.7168831168831169,0.7645429362880887,0.739946380697051,0.730460883185827
sigmoid,9.0,0.3,0.1,0.7236111111111111,0.7004950495049505,0.7839335180055401,0.7398692810457516,0.7234430821225472
sigmoid,4.0,0.15,0.1,0.7236111111111111,0.7004950495049505,0.7839335180055401,0.7398692810457516,0.7234430821225472
sigmoid,8.0,0.3,0.1,0.7236111111111111,0.7004950495049505,0.7839335180055401,0.7398692810457516,0.7234430821225472
sigmoid,7.0,0.3,0.1,0.7236111111111111,0.7004950495049505,0.7839335180055401,0.7398692810457516,0.7234430821225472
sigmoid,4.0,0.3,0.1,0.7236111111111111,0.7004950495049505,0.7839335180055401,0.7398692810457516,0.7234430821225472
sigmoid,10.0,0.3,0.1,0.7236111111111111,0.7004950495049505,0.7839335180055401,0.7398692810457516,0.7234430821225472
sigmoid,6.0,0.3,0.1,0.7236111111111111,0.7004950495049505,0.7839335180055401,0.7398692810457516,0.7234430821225472
sigmoid,4.0,0.3,0.3,0.7222222222222222,0.6977886977886978,0.7867036011080333,0.7395833333333334,0.7220426083534596
sigmoid,4.0,0.3,0.25,0.7222222222222222,0.6977886977886978,0.7867036011080333,0.7395833333333334,0.7220426083534596
sigmoid,8.0,0.15,0.1,0.7222222222222222,0.6997518610421837,0.7811634349030471,0.7382198952879582,0.7220580405713006
sigmoid,7.0,0.15,0.1,0.7222222222222222,0.6997518610421837,0.7811634349030471,0.7382198952879582,0.7220580405713006
sigmoid,6.0,0.15,0.1,0.7222222222222222,0.6997518610421837,0.7811634349030471,0.7382198952879582,0.7220580405713006
sigmoid,5.0,0.3,0.1,0.7222222222222222,0.6997518610421837,0.7811634349030471,0.7382198952879582,0.7220580405713006
sigmoid,5.0,0.15,0.1,0.7222222222222222,0.6997518610421837,0.7811634349030471,0.7382198952879582,0.7220580405713006
sigmoid,5.0,0.3,0.25,0.7208333333333333,0.6970443349753694,0.7839335180055401,0.7379400260756191,0.7206575668022129
sigmoid,5.0,0.3,0.3,0.7208333333333333,0.6970443349753694,0.7839335180055401,0.7379400260756191,0.7206575668022129
sigmoid,4.0,0.2,0.15,0.7194444444444444,0.6953316953316954,0.7839335180055401,0.7369791666666666,0.7192648091420457
sigmoid,8.0,0.3,0.2,0.7194444444444444,0.6962962962962963,0.7811634349030471,0.7362924281984333,0.7192725252509665
sigmoid,4.0,0.3,0.2,0.7194444444444444,0.6962962962962963,0.7811634349030471,0.7362924281984333,0.7192725252509665
sigmoid,7.0,0.3,0.2,0.7194444444444444,0.6962962962962963,0.7811634349030471,0.7362924281984333,0.7192725252509665
sigmoid,6.0,0.3,0.2,0.7194444444444444,0.6962962962962963,0.7811634349030471,0.7362924281984333,0.7192725252509665
sigmoid,5.0,0.3,0.15,0.7194444444444444,0.6962962962962963,0.7811634349030471,0.7362924281984333,0.7192725252509665
sigmoid,5.0,0.3,0.2,0.7194444444444444,0.6962962962962963,0.7811634349030471,0.7362924281984333,0.7192725252509665
sigmoid,4.0,0.15,0.15,0.7180555555555556,0.6945812807881774,0.7811634349030471,0.7353324641460235,0.7178797675907993
sigmoid,4.0,0.3,0.15,0.7180555555555556,0.6955445544554455,0.778393351800554,0.734640522875817,0.71788748369972
sigmoid,4.0,0.2,0.2,0.7166666666666667,0.6928746928746928,0.7811634349030471,0.734375,0.7164870099306322
sigmoid,5.0,0.15,0.15,0.7166666666666667,0.6938271604938272,0.778393351800554,0.7336814621409923,0.7164947260395528
sigmoid,6.0,0.3,0.15,0.7166666666666667,0.6947890818858561,0.775623268698061,0.7329842931937174,0.7165024421484734
sigmoid,7.0,0.3,0.15,0.7166666666666667,0.6947890818858561,0.775623268698061,0.7329842931937174,0.7165024421484734
sigmoid,8.0,0.3,0.15,0.7166666666666667,0.6947890818858561,0.775623268698061,0.7329842931937174,0.7165024421484734
sigmoid,9.0,0.15,0.1,0.7166666666666667,0.6967418546365914,0.7700831024930748,0.7315789473684211,0.7165178743663145
sigmoid,10.0,0.15,0.1,0.7166666666666667,0.6967418546365914,0.7700831024930748,0.7315789473684211,0.7165178743663145
sigmoid,5.0,0.2,0.1,0.7152777777777778,0.6959798994974874,0.7673130193905817,0.7299077733860342,0.715132832815068
sigmoid,4.0,0.15,0.25,0.7125,0.6905940594059405,0.7728531855955678,0.7294117647058823,0.7123318852768924
sigmoid,4.0,0.15,0.2,0.7125,0.6905940594059405,0.7728531855955678,0.7294117647058823,0.7123318852768924
sigmoid,4.0,0.15,0.3,0.7125,0.6905940594059405,0.7728531855955678,0.7294117647058823,0.7123318852768924
sigmoid,7.0,0.2,0.1,0.7138888888888889,0.6952141057934509,0.7645429362880887,0.7282321899736147,0.7137477912638215
sigmoid,6.0,0.2,0.1,0.7138888888888889,0.6952141057934509,0.7645429362880887,0.7282321899736147,0.7137477912638215
sigmoid,8.0,0.2,0.1,0.7138888888888889,0.6952141057934509,0.7645429362880887,0.7282321899736147,0.7137477912638215
sigmoid,5.0,0.25,0.15,0.7125,0.6925,0.7673130193905817,0.7279894875164258,0.7123473174947338
sigmoid,5.0,0.25,0.2,0.7125,0.6925,0.7673130193905817,0.7279894875164258,0.7123473174947338
sigmoid,5.0,0.25,0.3,0.7125,0.6925,0.7673130193905817,0.7279894875164258,0.7123473174947338
sigmoid,5.0,0.25,0.25,0.7125,0.6925,0.7673130193905817,0.7279894875164258,0.7123473174947338
sigmoid,5.0,0.15,0.2,0.7111111111111111,0.6898263027295285,0.7700831024930748,0.7277486910994764,0.7109468437256459
sigmoid,5.0,0.15,0.25,0.7111111111111111,0.6898263027295285,0.7700831024930748,0.7277486910994764,0.7109468437256459
sigmoid,5.0,0.15,0.3,0.7111111111111111,0.6898263027295285,0.7700831024930748,0.7277486910994764,0.7109468437256459
sigmoid,10.0,0.2,0.1,0.7125,0.6944444444444444,0.7617728531855956,0.726552179656539,0.712362749712575
sigmoid,9.0,0.2,0.1,0.7125,0.6944444444444444,0.7617728531855956,0.726552179656539,0.712362749712575
sigmoid,7.0,0.25,0.15,0.7111111111111111,0.6917293233082706,0.7645429362880887,0.7263157894736842,0.7109622759434873
sigmoid,6.0,0.25,0.25,0.7111111111111111,0.6917293233082706,0.7645429362880887,0.7263157894736842,0.7109622759434873
sigmoid,7.0,0.25,0.3,0.7111111111111111,0.6917293233082706,0.7645429362880887,0.7263157894736842,0.7109622759434873
sigmoid,7.0,0.25,0.25,0.7111111111111111,0.6917293233082706,0.7645429362880887,0.7263157894736842,0.7109622759434873
sigmoid,8.0,0.25,0.25,0.7111111111111111,0.6917293233082706,0.7645429362880887,0.7263157894736842,0.7109622759434873
sigmoid,8.0,0.25,0.3,0.7111111111111111,0.6917293233082706,0.7645429362880887,0.7263157894736842,0.7109622759434873
sigmoid,6.0,0.25,0.3,0.7111111111111111,0.6917293233082706,0.7645429362880887,0.7263157894736842,0.7109622759434873
sigmoid,8.0,0.25,0.15,0.7111111111111111,0.6917293233082706,0.7645429362880887,0.7263157894736842,0.7109622759434873
sigmoid,4.0,0.25,0.3,0.7111111111111111,0.6917293233082706,0.7645429362880887,0.7263157894736842,0.7109622759434873
sigmoid,4.0,0.25,0.25,0.7111111111111111,0.6917293233082706,0.7645429362880887,0.7263157894736842,0.7109622759434873
sigmoid,6.0,0.25,0.15,0.7111111111111111,0.6917293233082706,0.7645429362880887,0.7263157894736842,0.7109622759434873
sigmoid,8.0,0.15,0.3,0.7097222222222223,0.6890547263681592,0.7673130193905817,0.7260812581913499,0.7095618021743995
sigmoid,6.0,0.15,0.2,0.7097222222222223,0.6890547263681592,0.7673130193905817,0.7260812581913499,0.7095618021743995
sigmoid,6.0,0.15,0.25,0.7097222222222223,0.6890547263681592,0.7673130193905817,0.7260812581913499,0.7095618021743995
sigmoid,7.0,0.15,0.25,0.7097222222222223,0.6890547263681592,0.7673130193905817,0.7260812581913499,0.7095618021743995
sigmoid,8.0,0.15,0.25,0.7097222222222223,0.6890547263681592,0.7673130193905817,0.7260812581913499,0.7095618021743995
sigmoid,8.0,0.15,0.2,0.7097222222222223,0.6890547263681592,0.7673130193905817,0.7260812581913499,0.7095618021743995
sigmoid,7.0,0.15,0.2,0.7097222222222223,0.6890547263681592,0.7673130193905817,0.7260812581913499,0.7095618021743995
sigmoid,6.0,0.15,0.3,0.7097222222222223,0.6890547263681592,0.7673130193905817,0.7260812581913499,0.7095618021743995
sigmoid,7.0,0.15,0.3,0.7097222222222223,0.6890547263681592,0.7673130193905817,0.7260812581913499,0.7095618021743995
sigmoid,9.0,0.15,0.15,0.7097222222222223,0.69,0.7645429362880887,0.7253613666228645,0.70956951828332
sigmoid,10.0,0.15,0.15,0.7097222222222223,0.69,0.7645429362880887,0.7253613666228645,0.70956951828332
sigmoid,6.0,0.3,0.3,0.7013888888888888,0.6738095238095239,0.7839335180055401,0.7247119078104992,0.7011589595598731
sigmoid,8.0,0.3,0.3,0.7013888888888888,0.6738095238095239,0.7839335180055401,0.7247119078104992,0.7011589595598731
sigmoid,8.0,0.3,0.25,0.7013888888888888,0.6738095238095239,0.7839335180055401,0.7247119078104992,0.7011589595598731
sigmoid,6.0,0.3,0.25,0.7013888888888888,0.6738095238095239,0.7839335180055401,0.7247119078104992,0.7011589595598731
sigmoid,7.0,0.3,0.3,0.7013888888888888,0.6738095238095239,0.7839335180055401,0.7247119078104992,0.7011589595598731
sigmoid,7.0,0.3,0.25,0.7013888888888888,0.6738095238095239,0.7839335180055401,0.7247119078104992,0.7011589595598731
sigmoid,5.0,0.2,0.25,0.7083333333333334,0.6882793017456359,0.7645429362880887,0.7244094488188976,0.7081767606231529
sigmoid,5.0,0.2,0.3,0.7083333333333334,0.6882793017456359,0.7645429362880887,0.7244094488188976,0.7081767606231529
sigmoid,10.0,0.2,0.15,0.7083333333333334,0.6892230576441103,0.7617728531855956,0.7236842105263158,0.7081844767320736
sigmoid,9.0,0.2,0.15,0.7083333333333334,0.6892230576441103,0.7617728531855956,0.7236842105263158,0.7081844767320736
sigmoid,8.0,0.2,0.25,0.7069444444444445,0.6875,0.7617728531855956,0.7227332457293035,0.7067917190719064
sigmoid,6.0,0.2,0.3,0.7069444444444445,0.6875,0.7617728531855956,0.7227332457293035,0.7067917190719064
sigmoid,9.0,0.2,0.2,0.7069444444444445,0.6875,0.7617728531855956,0.7227332457293035,0.7067917190719064
sigmoid,4.0,0.2,0.3,0.7069444444444445,0.6875,0.7617728531855956,0.7227332457293035,0.7067917190719064
sigmoid,7.0,0.2,0.25,0.7069444444444445,0.6875,0.7617728531855956,0.7227332457293035,0.7067917190719064
sigmoid,7.0,0.2,0.3,0.7069444444444445,0.6875,0.7617728531855956,0.7227332457293035,0.7067917190719064
sigmoid,8.0,0.2,0.3,0.7069444444444445,0.6875,0.7617728531855956,0.7227332457293035,0.7067917190719064
sigmoid,6.0,0.2,0.25,0.7069444444444445,0.6875,0.7617728531855956,0.7227332457293035,0.7067917190719064
sigmoid,10.0,0.2,0.2,0.7069444444444445,0.6875,0.7617728531855956,0.7227332457293035,0.7067917190719064
sigmoid,4.0,0.2,0.25,0.7069444444444445,0.6875,0.7617728531855956,0.7227332457293035,0.7067917190719064
sigmoid,5.0,0.2,0.15,0.7069444444444445,0.6884422110552764,0.7590027700831025,0.7220026350461132,0.7067994351808269
sigmoid,5.0,0.2,0.2,0.7055555555555556,0.6867167919799498,0.7590027700831025,0.7210526315789474,0.7054066775206598
sigmoid,8.0,0.2,0.15,0.7055555555555556,0.6876574307304786,0.7562326869806094,0.7203166226912928,0.7054143936295805
sigmoid,7.0,0.2,0.15,0.7055555555555556,0.6876574307304786,0.7562326869806094,0.7203166226912928,0.7054143936295805
sigmoid,6.0,0.2,0.15,0.7055555555555556,0.6876574307304786,0.7562326869806094,0.7203166226912928,0.7054143936295805
sigmoid,7.0,0.2,0.2,0.7041666666666667,0.6859296482412061,0.7562326869806094,0.7193675889328064,0.7040216359694134
sigmoid,10.0,0.15,0.25,0.7041666666666667,0.6859296482412061,0.7562326869806094,0.7193675889328064,0.7040216359694134
sigmoid,8.0,0.2,0.2,0.7041666666666667,0.6859296482412061,0.7562326869806094,0.7193675889328064,0.7040216359694134
sigmoid,9.0,0.15,0.25,0.7041666666666667,0.6859296482412061,0.7562326869806094,0.7193675889328064,0.7040216359694134
sigmoid,9.0,0.2,0.25,0.7041666666666667,0.6859296482412061,0.7562326869806094,0.7193675889328064,0.7040216359694134
sigmoid,9.0,0.15,0.2,0.7041666666666667,0.6859296482412061,0.7562326869806094,0.7193675889328064,0.7040216359694134
sigmoid,10.0,0.15,0.2,0.7041666666666667,0.6859296482412061,0.7562326869806094,0.7193675889328064,0.7040216359694134
sigmoid,9.0,0.15,0.3,0.7041666666666667,0.6859296482412061,0.7562326869806094,0.7193675889328064,0.7040216359694134
sigmoid,6.0,0.2,0.2,0.7041666666666667,0.6859296482412061,0.7562326869806094,0.7193675889328064,0.7040216359694134
sigmoid,9.0,0.2,0.3,0.7041666666666667,0.6859296482412061,0.7562326869806094,0.7193675889328064,0.7040216359694134
sigmoid,10.0,0.15,0.3,0.7041666666666667,0.6859296482412061,0.7562326869806094,0.7193675889328064,0.7040216359694134
sigmoid,10.0,0.2,0.3,0.7041666666666667,0.6859296482412061,0.7562326869806094,0.7193675889328064,0.7040216359694134
sigmoid,10.0,0.2,0.25,0.7041666666666667,0.6859296482412061,0.7562326869806094,0.7193675889328064,0.7040216359694134
sigmoid,10.0,0.3,0.15,0.7041666666666667,0.6878172588832487,0.7506925207756233,0.7178807947019868,0.7040370681872546
sigmoid,9.0,0.3,0.15,0.7041666666666667,0.6878172588832487,0.7506925207756233,0.7178807947019868,0.7040370681872546
sigmoid,7.0,0.15,0.15,0.6944444444444444,0.6690647482014388,0.7728531855955678,0.7172236503856041,0.6942260356947199
sigmoid,6.0,0.15,0.15,0.6944444444444444,0.6690647482014388,0.7728531855955678,0.7172236503856041,0.6942260356947199
sigmoid,8.0,0.15,0.15,0.6944444444444444,0.6690647482014388,0.7728531855955678,0.7172236503856041,0.6942260356947199
sigmoid,8.0,0.25,0.2,0.6916666666666667,0.6682808716707022,0.7645429362880887,0.7131782945736433,0.6914636687011474
sigmoid,9.0,0.25,0.2,0.6916666666666667,0.6682808716707022,0.7645429362880887,0.7131782945736433,0.6914636687011474
sigmoid,10.0,0.25,0.3,0.6916666666666667,0.6682808716707022,0.7645429362880887,0.7131782945736433,0.6914636687011474
sigmoid,10.0,0.25,0.25,0.6916666666666667,0.6682808716707022,0.7645429362880887,0.7131782945736433,0.6914636687011474
sigmoid,9.0,0.25,0.1,0.6916666666666667,0.6682808716707022,0.7645429362880887,0.7131782945736433,0.6914636687011474
sigmoid,9.0,0.25,0.3,0.6916666666666667,0.6682808716707022,0.7645429362880887,0.7131782945736433,0.6914636687011474
sigmoid,6.0,0.25,0.2,0.6916666666666667,0.6682808716707022,0.7645429362880887,0.7131782945736433,0.6914636687011474
sigmoid,10.0,0.25,0.1,0.6916666666666667,0.6682808716707022,0.7645429362880887,0.7131782945736433,0.6914636687011474
sigmoid,10.0,0.25,0.2,0.6916666666666667,0.6682808716707022,0.7645429362880887,0.7131782945736433,0.6914636687011474
sigmoid,9.0,0.25,0.25,0.6916666666666667,0.6682808716707022,0.7645429362880887,0.7131782945736433,0.6914636687011474
sigmoid,10.0,0.25,0.15,0.6916666666666667,0.6682808716707022,0.7645429362880887,0.7131782945736433,0.6914636687011474
sigmoid,7.0,0.25,0.2,0.6916666666666667,0.6682808716707022,0.7645429362880887,0.7131782945736433,0.6914636687011474
sigmoid,9.0,0.25,0.15,0.6916666666666667,0.6682808716707022,0.7645429362880887,0.7131782945736433,0.6914636687011474
sigmoid,10.0,0.3,0.2,0.6875,0.6658536585365854,0.7562326869806094,0.7081712062256809,0.6873085440474078
sigmoid,9.0,0.3,0.25,0.6875,0.6658536585365854,0.7562326869806094,0.7081712062256809,0.6873085440474078
sigmoid,9.0,0.3,0.3,0.6875,0.6658536585365854,0.7562326869806094,0.7081712062256809,0.6873085440474078
sigmoid,10.0,0.3,0.25,0.6875,0.6658536585365854,0.7562326869806094,0.7081712062256809,0.6873085440474078
sigmoid,9.0,0.3,0.2,0.6875,0.6658536585365854,0.7562326869806094,0.7081712062256809,0.6873085440474078
sigmoid,10.0,0.3,0.3,0.6875,0.6658536585365854,0.7562326869806094,0.7081712062256809,0.6873085440474078
